{"cameraMode":{"drawMode":0,"name":"Shaded","section":"Shading Mode"},"sceneLighting":true,"audioPlay":false,"sceneViewState":{"m_AlwaysRefresh":false,"showFog":true,"showSkybox":true,"showFlares":true,"showImageEffects":true,"showParticleSystems":true,"showVisualEffectGraphs":true,"m_FxEnabled":true},"in2DMode":false,"pivot":{"x":362.92071533203127,"y":610.0639038085938,"z":-11.789947509765625},"rotation":{"x":0.12937816977500916,"y":0.12606382369995118,"z":-0.016585083678364755,"w":0.9834099411964417},"size":393.556884765625,"orthographic":false}