{"cameraMode":{"drawMode":0,"name":"Shaded","section":"Shading Mode"},"sceneLighting":true,"audioPlay":false,"sceneViewState":{"m_AlwaysRefresh":false,"showFog":true,"showSkybox":true,"showFlares":true,"showImageEffects":true,"showParticleSystems":true,"showVisualEffectGraphs":true,"m_FxEnabled":true},"in2DMode":false,"pivot":{"x":152.8236083984375,"y":115.08769226074219,"z":-6.1145477294921879},"rotation":{"x":-0.09285183250904083,"y":0.2588670253753662,"z":-0.025008784607052804,"w":-0.9611150026321411},"size":281.2759704589844,"orthographic":false}